{"short_name":"Hydot FMS","name":"Hydot FMS","icons":[{"src":"favicon.ico","sizes":"64x64 32x32 24x24 16x16","type":"image/x-icon"},{"src":"logo192.png","type":"image/png","sizes":"192x192"},{"src":"logo512.png","type":"image/png","sizes":"512x512"},{"src":"maskable_icon.png","type":"image/png","sizes":"512x512","purpose":"maskable"}],"start_url":"/index.html","scope":"/","display":"standalone","orientation":"portrait","theme_color":"#000000","background_color":"#ffffff","description":"Hydot Fleet Management System Admin Panel. Manage your fleet with ease.","categories":["business","productivity","tools"],"screenshots":[{"src":"screenshot1.png","sizes":"1080x1920","type":"image/png"},{"src":"screenshot2.png","sizes":"1080x1920","type":"image/png"}]}